{"stat.useItem.minecraft.redstone_block":8,"stat.crouchOneCm":2610,"stat.useItem.minecraft.command_block":29,"stat.craftingTableInteraction":1,"stat.useItem.minecraft.minecart":2,"achievement.openInventory":82,"stat.damageDealt":530,"stat.useItem.minecraft.sticky_piston":55,"stat.useItem.minecraft.stone_button":16,"achievement.exploreAllBiomes":{"value":0,"progress":["Plains"]},"stat.useItem.minecraft.iron_block":678,"stat.talkedToVillager":1,"stat.useItem.minecraft.rail":48,"stat.useItem.minecraft.diamond_sword":3,"stat.flyOneCm":9044902,"stat.useItem.minecraft.golden_rail":959,"stat.useItem.minecraft.redstone_lamp":13,"stat.climbOneCm":5438,"stat.useItem.minecraft.redstone":6797,"stat.useItem.minecraft.wheat_seeds":1,"stat.drop":3,"stat.timeSinceDeath":1053044,"stat.useItem.minecraft.repeater":1048,"stat.leaveGame":37,"stat.useItem.minecraft.comparator":9,"stat.useItem.minecraft.bow":39,"stat.useItem.minecraft.lever":60,"stat.playOneMinute":1053044,"stat.useItem.minecraft.redstone_torch":339,"stat.useItem.minecraft.wool":3104,"stat.killEntity.Pig":2,"stat.jump":1164,"stat.mobKills":2,"stat.walkOneCm":1404966,"stat.chestOpened":1,"stat.minecartOneCm":177025,"stat.useItem.minecraft.sign":152,"stat.useItem.minecraft.daylight_detector":6,"stat.sprintOneCm":7205,"stat.useItem.minecraft.diamond_hoe":1,"stat.useItem.minecraft.dirt":503}