{"stats":{"minecraft:custom":{"minecraft:minecart_one_cm":164358,"minecraft:time_since_rest":1001773,"minecraft:walk_one_cm":2274651,"minecraft:leave_game":17,"minecraft:walk_under_water_one_cm":493,"minecraft:mob_kills":3,"minecraft:interact_with_lectern":7,"minecraft:play_time":1001773,"minecraft:damage_dealt":607,"minecraft:jump":2078,"minecraft:time_since_death":1001773,"minecraft:aviate_one_cm":1157375,"minecraft:drop":70,"minecraft:sprint_one_cm":2596,"minecraft:total_world_time":1231778,"minecraft:fly_one_cm":6995095,"minecraft:walk_on_water_one_cm":387,"minecraft:crouch_one_cm":32508,"minecraft:sneak_time":43627},"minecraft:used":{"minecraft:repeater":533,"minecraft:iron_block":5,"minecraft:diamond_sword":9,"minecraft:firework_rocket":238,"minecraft:soul_sand":4,"minecraft:slime_block":1,"minecraft:water_bucket":21,"minecraft:sticky_piston":11,"minecraft:writable_book":13,"minecraft:oak_sign":54,"minecraft:glass":12,"minecraft:oak_hanging_sign":9,"minecraft:command_block":2,"minecraft:gray_concrete":2389,"minecraft:torch":87,"minecraft:written_book":2,"minecraft:minecart":1,"minecraft:lever":138,"minecraft:white_concrete":532,"minecraft:redstone_block":4,"minecraft:oak_button":19,"minecraft:redstone":4884,"minecraft:sea_lantern":23,"minecraft:rail":4,"minecraft:redstone_lamp":55,"minecraft:lectern":3,"minecraft:tinted_glass":15,"minecraft:chain":3,"minecraft:diamond_axe":7,"minecraft:redstone_torch":143,"minecraft:powered_rail":34,"minecraft:ender_pearl":49},"minecraft:dropped":{"minecraft:redstone_block":1,"minecraft:redstone_torch":7,"minecraft:wooden_axe":7,"minecraft:redstone":25,"minecraft:white_concrete":2,"minecraft:repeater":16,"minecraft:elytra":1,"minecraft:written_book":1,"minecraft:oak_sign":3,"minecraft:firework_rocket":1,"minecraft:lever":4,"minecraft:gray_concrete":2},"minecraft:picked_up":{"minecraft:stone_button":15,"minecraft:white_concrete":2,"minecraft:redstone_torch":49,"minecraft:lever":22,"minecraft:redstone":495,"minecraft:torch":24,"minecraft:repeater":52,"minecraft:oak_button":1,"minecraft:written_book":2,"minecraft:oak_sign":22,"minecraft:gray_concrete":2,"minecraft:wooden_axe":5,"minecraft:firework_rocket":1,"minecraft:sand":2,"minecraft:sticky_piston":14,"minecraft:comparator":4},"minecraft:killed":{"minecraft:villager":3}},"DataVersion":4440}